,Player,position,games,goals,shots,time,xG,assists,xA,key_passes,season,team,yellow,red,npg,npxG,xGChain,xGBuildup
0,CR7,FW,33,29,167,2807,29.83808070421219,3,3.8546393513679504,36,2020,Juventus,3,0,23,23.74781009554863,28.635406404733658,8.915717896074057
1,CR7,FWL,33,31,208,2920,29.431679474189878,5,6.067225832492113,51,2019,Juventus,3,0,19,19.53495633788407,26.5536093339324,7.224641568958759
2,CR7,FW,31,21,175,2692,23.32403990253806,8,5.193873833864927,48,2018,Juventus,3,0,16,18.75628685578704,21.854169853031635,7.177339139394462
3,CR7,FW,27,26,178,2304,26.999303579330444,5,5.524841643869877,40,2017,Real Madrid,1,0,23,24.02619305253029,31.62383733689785,9.47185287065804
4,CR7,FWL,29,25,162,2546,25.413737758994102,6,4.591035931371152,31,2016,Real Madrid,4,0,19,19.467644795775414,29.57457834482193,8.661094894632697
5,CR7,AML,36,35,227,3186,35.58900645375252,11,8.606404347345233,51,2015,Real Madrid,3,0,29,28.899507626891136,40.81802845001221,9.863004602491856
6,CR7,FWL,35,48,225,3103,39.30876067932695,16,13.600642347708344,76,2014,Real Madrid,5,1,38,30.389685845933855,43.60801999177784,7.5202372539788485
