,Player,position,games,goals,shots,time,xG,assists,xA,key_passes,season,team,yellow,red,npg,npxG,xGChain,xGBuildup
0,Messi,FW,34,29,188,2927,26.040513269603252,9,11.231236711144447,75,2020,Barcelona,4,0,26,22.324125461280346,36.58918460458517,19.644014816731215
1,Messi,Sub,33,25,159,2876,20.84966728463769,20,16.593363385647535,88,2019,Barcelona,4,0,20,17.133279267698526,34.92346678301692,13.53765751607716
2,Messi,FW,34,36,170,2704,25.997169069945812,13,15.33516551926732,93,2018,Barcelona,3,0,32,22.28090887516737,38.45987746119499,10.69879900291562
3,Messi,FW,36,34,196,2995,28.946280613541603,12,15.100405622273684,87,2017,Barcelona,3,0,32,25.973170146346092,48.18063422292471,21.634404016658664
4,Messi,FWR,34,37,179,2832,26.885174363851547,9,13.955131396651268,79,2016,Barcelona,6,0,31,21.682230830192566,42.52504535019398,18.13351222872734
5,Messi,FWR,33,26,158,2726,27.101910315454006,16,15.871278138831258,77,2015,Barcelona,3,0,23,21.899351350963116,41.99686624109745,15.196364373899996
6,Messi,FW,38,43,187,3374,35.89176357910037,18,17.61195552162826,95,2014,Barcelona,4,0,38,31.432097773998976,54.75360991060734,19.75672373920679
